Letter ID,Full Name,Nice
1,Ava Martinez,
2,Liam Williams,
3,Mason Hernandez,
4,Mason Jones,
5,Ava Johnson,
6,Sophia Martinez,
7,Liam Johnson,
8,Logan Jones,
9,Mia Martinez,
10,Isabella Miller,
11,Noah Miller,
12,Liam Hernandez,
13,Amelia Davis,
14,Ethan Hernandez,
15,Sophia Davis,
16,Logan Hernandez,
17,Ava Jones,
18,Mia Brown,
19,Sophia Martinez,
20,Sophia Brown,
21,Liam Miller,
22,Amelia Garcia,
23,Ethan Jones,
24,Mason Smith,
25,Logan Smith,
26,Ethan Davis,
27,Noah Hernandez,
28,Ethan Jones,
29,Ava Miller,
30,Logan Williams,
